game_id,home_team,away_team,round,date,swapped,match_diff
32506,Holstein Kiel,Bayern München,3,"Saturday, September 14, 2024",True,58.2
32449,Eintracht Frankfurt,Bochum,9,"Saturday, November 2, 2024",False,5.35
32439,Borussia Dortmund,Union Berlin,23,"Saturday, February 22, 2025",True,16.55
32470,Bayer Leverkusen,FC Heidenheim,11,"Saturday, November 23, 2024",False,2.05
32399,RB Leipzig,Wolfsburg,12,"Saturday, November 30, 2024",False,49.1
32418,Hoffenheim,Werder Bremen,5,"Sunday, September 29, 2024",False,17.1
32659,Borussia Mönchengladbach,Hoffenheim,32,"Saturday, May 3, 2025",False,3.95
32404,Werder Bremen,Bayern München,4,"Saturday, September 21, 2024",False,5.95
32575,Freiburg,Werder Bremen,23,"Friday, February 21, 2025",False,4.05
32679,VfB Stuttgart,Bayer Leverkusen,26,"Sunday, March 16, 2025",False,14.25
32429,Bochum,Bayern München,8,"Sunday, October 27, 2024",True,14.45
32519,Bayern München,Hoffenheim,17,"Wednesday, January 15, 2025",False,3.75
32644,Union Berlin,VfB Stuttgart,30,"Saturday, April 19, 2025",False,3.65
32437,Wolfsburg,Werder Bremen,7,"Sunday, October 20, 2024",False,7.65
32602,Werder Bremen,Borussia Mönchengladbach,26,"Saturday, March 15, 2025",False,4.85
32635,Holstein Kiel,Eintracht Frankfurt,5,"Sunday, September 29, 2024",False,15.7
32522,Eintracht Frankfurt,Freiburg,17,"Tuesday, January 14, 2025",False,6.25
32432,Borussia Mönchengladbach,Holstein Kiel,14,"Saturday, December 14, 2024",False,9.7
32503,Werder Bremen,Union Berlin,15,"Saturday, December 21, 2024",False,3.55
32498,Borussia Mönchengladbach,Werder Bremen,9,"Sunday, November 3, 2024",False,11.55
32390,Bayer Leverkusen,Borussia Dortmund,33,"Sunday, May 11, 2025",False,11.95
32585,Hoffenheim,Bayer Leverkusen,3,"Saturday, September 14, 2024",False,11.05
32619,Bochum,VfB Stuttgart,28,"Saturday, April 5, 2025",False,5.45
32650,Holstein Kiel,Borussia Mönchengladbach,31,"Saturday, April 26, 2025",False,4.65
32423,Eintracht Frankfurt,Bayern München,6,"Sunday, October 6, 2024",False,3.4
32621,Freiburg,Borussia Dortmund,28,"Saturday, April 5, 2025",False,5.1
32640,FC Heidenheim,Bayern München,30,"Saturday, April 19, 2025",False,5.35
32411,Borussia Dortmund,Bochum,5,"Friday, September 27, 2024",False,3.8
32409,VfB Stuttgart,Borussia Dortmund,4,"Sunday, September 22, 2024",False,4.15
32546,Bayer Leverkusen,Wolfsburg,4,"Sunday, September 22, 2024",False,15.85
32660,RB Leipzig,Bayern München,32,"Saturday, May 3, 2025",False,5.45
32558,Hoffenheim,Union Berlin,21,"Saturday, February 8, 2025",False,2.9
32463,Hoffenheim,RB Leipzig,11,"Saturday, November 23, 2024",False,16.55
32664,Eintracht Frankfurt,Bayer Leverkusen,24,"Saturday, March 1, 2025",False,9.35
32478,FC Heidenheim,Eintracht Frankfurt,12,"Sunday, December 1, 2024",False,7.5
32483,Bayern München,FC Heidenheim,13,"Saturday, December 7, 2024",False,2.25
32501,Bayern München,RB Leipzig,15,"Friday, December 20, 2024",False,4.25
32527,Wolfsburg,Borussia Mönchengladbach,17,"Tuesday, January 14, 2025",False,2.15
32668,Wolfsburg,Mainz 05,13,"Sunday, December 8, 2024",True,16.9
32521,Bochum,RB Leipzig,18,"Saturday, January 18, 2025",False,11.55
32497,Holstein Kiel,Augsburg,15,"Saturday, December 21, 2024",False,30.7
32507,Bayer Leverkusen,Freiburg,15,"Saturday, December 21, 2024",False,2.3
32523,Holstein Kiel,Borussia Dortmund,17,"Tuesday, January 14, 2025",False,4.1
32517,RB Leipzig,Werder Bremen,16,"Sunday, January 12, 2025",False,6.55
32491,Werder Bremen,FC Heidenheim,17,"Wednesday, January 15, 2025",False,10.05
32591,VfB Stuttgart,Mainz 05,2,"Saturday, August 31, 2024",False,27.1
32468,Borussia Dortmund,FC Heidenheim,3,"Friday, September 13, 2024",False,11.45
32675,FC Heidenheim,Werder Bremen,34,"Saturday, May 17, 2025",False,4.8
32567,Bochum,Mainz 05,33,"Saturday, May 10, 2025",True,17.35
32676,Hoffenheim,Bayern München,34,"Saturday, May 17, 2025",False,3.25
32385,FC Heidenheim,Borussia Mönchengladbach,24,"Saturday, March 1, 2025",False,13.8
32629,Eintracht Frankfurt,FC Heidenheim,29,"Sunday, April 13, 2025",False,2.85
32614,Holstein Kiel,Werder Bremen,27,"Saturday, March 29, 2025",False,5.35
32405,Holstein Kiel,Mainz 05,11,"Sunday, November 24, 2024",False,7.0
32426,St. Pauli,Mainz 05,6,"Saturday, October 5, 2024",False,8.95
32447,Bayern München,Union Berlin,9,"Saturday, November 2, 2024",False,5.55
32588,FC Heidenheim,Freiburg,4,"Saturday, September 21, 2024",False,9.5
32566,Freiburg,St. Pauli,5,"Saturday, September 28, 2024",False,18.95
32579,Borussia Mönchengladbach,Augsburg,23,"Saturday, February 22, 2025",False,4.15
32542,Borussia Mönchengladbach,Bochum,19,"Saturday, January 25, 2025",False,5.1
32555,Bayern München,Werder Bremen,21,"Friday, February 7, 2025",False,5.3
32544,St. Pauli,Union Berlin,19,"Sunday, January 26, 2025",False,6.1
32465,Bayern München,Augsburg,11,"Friday, November 22, 2024",False,4.45
32673,Borussia Dortmund,Holstein Kiel,34,"Saturday, May 17, 2025",False,2.95
32502,Union Berlin,FC Heidenheim,33,"Saturday, May 10, 2025",True,8.55
32645,Bayern München,Mainz 05,31,"Saturday, April 26, 2025",False,3.7
32376,Freiburg,Holstein Kiel,16,"Saturday, January 11, 2025",False,7.5
32573,Bayern München,Eintracht Frankfurt,23,"Sunday, February 23, 2025",False,3.9
32528,Bayern München,Wolfsburg,18,"Saturday, January 18, 2025",False,3.5
32666,VfB Stuttgart,Union Berlin,13,"Friday, December 6, 2024",False,21.7
32466,Borussia Dortmund,Freiburg,11,"Saturday, November 23, 2024",False,2.0
32648,Eintracht Frankfurt,RB Leipzig,31,"Saturday, April 26, 2025",False,4.2
32378,Freiburg,Wolfsburg,14,"Friday, December 13, 2024",False,7.45
32655,VfB Stuttgart,Freiburg,18,"Saturday, January 18, 2025",False,11.85
32436,Hoffenheim,Holstein Kiel,1,"Saturday, August 24, 2024",False,13.5
32540,Bayern München,St. Pauli,27,"Saturday, March 29, 2025",False,27.8
32669,Bayern München,VfB Stuttgart,7,"Saturday, October 19, 2024",False,13.6
32415,Borussia Dortmund,Wolfsburg,32,"Saturday, May 3, 2025",False,13.05
32639,Freiburg,Hoffenheim,30,"Saturday, April 19, 2025",False,3.1
32391,FC Heidenheim,Augsburg,2,"Sunday, September 1, 2024",False,5.0
32559,Borussia Mönchengladbach,FC Heidenheim,7,"Saturday, October 19, 2024",False,21.2
32607,Borussia Dortmund,Borussia Mönchengladbach,30,"Sunday, April 20, 2025",True,12.5
32469,RB Leipzig,Augsburg,5,"Saturday, September 28, 2024",True,7.35
32586,VfB Stuttgart,Augsburg,33,"Sunday, May 11, 2025",True,43.7
32459,VfB Stuttgart,Eintracht Frankfurt,10,"Sunday, November 10, 2024",False,11.95
32402,Bayer Leverkusen,RB Leipzig,2,"Saturday, August 31, 2024",False,11.95
32529,RB Leipzig,VfB Stuttgart,34,"Saturday, May 17, 2025",False,13.7
32601,Wolfsburg,RB Leipzig,29,"Friday, April 11, 2025",False,8.8
32412,Augsburg,Mainz 05,4,"Friday, September 20, 2024",False,28.8
32511,Borussia Mönchengladbach,Bayer Leverkusen,1,"Friday, August 23, 2024",False,47.75
32421,Bochum,Eintracht Frankfurt,26,"Sunday, March 16, 2025",False,7.65
32533,Holstein Kiel,Hoffenheim,18,"Saturday, January 18, 2025",False,6.6
32654,Augsburg,Holstein Kiel,32,"Sunday, May 4, 2025",False,5.15
32593,FC Heidenheim,Wolfsburg,10,"Sunday, November 10, 2024",False,16.55
32598,Borussia Mönchengladbach,Mainz 05,25,"Friday, March 7, 2025",False,5.6
32509,Freiburg,Eintracht Frankfurt,34,"Saturday, May 17, 2025",False,20.65
32495,Augsburg,Bayern München,28,"Friday, April 4, 2025",False,9.35
32396,Borussia Mönchengladbach,VfB Stuttgart,3,"Saturday, September 14, 2024",False,3.4
32671,Bochum,Wolfsburg,6,"Saturday, October 5, 2024",False,16.1
32589,Wolfsburg,Borussia Dortmund,15,"Sunday, December 22, 2024",False,8.85
32670,VfB Stuttgart,Bayern München,24,"Friday, February 28, 2025",False,13.85
32624,FC Heidenheim,VfB Stuttgart,14,"Sunday, December 15, 2024",True,7.9
32603,Eintracht Frankfurt,Mainz 05,15,"Saturday, December 21, 2024",True,31.1
32454,Werder Bremen,Hoffenheim,22,"Sunday, February 16, 2025",True,9.9
32431,Bayer Leverkusen,Bochum,27,"Friday, March 28, 2025",False,12.85
32387,RB Leipzig,Hoffenheim,28,"Saturday, April 5, 2025",False,17.6
32445,Borussia Dortmund,RB Leipzig,9,"Saturday, November 2, 2024",False,7.8
32394,Freiburg,Bochum,3,"Saturday, September 14, 2024",False,8.1
32443,FC Heidenheim,Holstein Kiel,26,"Sunday, March 16, 2025",False,12.65
32537,Bayer Leverkusen,St. Pauli,13,"Saturday, December 7, 2024",False,9.85
32481,St. Pauli,Holstein Kiel,12,"Friday, November 29, 2024",False,4.9
32623,VfB Stuttgart,Holstein Kiel,8,"Saturday, October 26, 2024",False,4.35
32610,RB Leipzig,Freiburg,8,"Saturday, October 26, 2024",False,10.4
32438,Augsburg,Borussia Dortmund,8,"Saturday, October 26, 2024",False,5.35
32400,Borussia Dortmund,Mainz 05,27,"Sunday, March 30, 2025",False,7.2
32460,Freiburg,Augsburg,7,"Saturday, October 19, 2024",False,12.95
32477,Hoffenheim,Bochum,7,"Saturday, October 19, 2024",False,16.9
32658,Borussia Dortmund,St. Pauli,7,"Friday, October 18, 2024",False,23.85
32678,Bayer Leverkusen,Eintracht Frankfurt,7,"Saturday, October 19, 2024",False,17.8
32406,Union Berlin,Hoffenheim,4,"Saturday, September 21, 2024",False,4.7
32377,Augsburg,St. Pauli,3,"Sunday, September 15, 2024",False,18.0
32428,Union Berlin,Borussia Dortmund,6,"Saturday, October 5, 2024",False,7.9
32420,Augsburg,Borussia Mönchengladbach,6,"Friday, October 4, 2024",False,6.5
32551,Freiburg,VfB Stuttgart,1,"Saturday, August 24, 2024",False,28.95
32536,Union Berlin,Mainz 05,18,"Sunday, January 19, 2025",False,8.25
32534,Bayer Leverkusen,Borussia Mönchengladbach,18,"Saturday, January 18, 2025",False,2.75
32647,VfB Stuttgart,RB Leipzig,17,"Wednesday, January 15, 2025",False,34.3
32446,RB Leipzig,Eintracht Frankfurt,14,"Sunday, December 15, 2024",False,11.1
32496,Mainz 05,Bayern München,14,"Saturday, December 14, 2024",False,6.0
32490,Bayer Leverkusen,Hoffenheim,20,"Sunday, February 2, 2025",False,20.55
32642,Augsburg,FC Heidenheim,19,"Saturday, January 25, 2025",False,4.2
32425,Eintracht Frankfurt,Holstein Kiel,22,"Sunday, February 16, 2025",False,32.1
32458,Werder Bremen,Holstein Kiel,10,"Saturday, November 9, 2024",False,7.15
32473,RB Leipzig,Bochum,1,"Saturday, August 24, 2024",False,12.55
32620,Union Berlin,St. Pauli,2,"Friday, August 30, 2024",False,2.5
32626,Bochum,St. Pauli,17,"Wednesday, January 15, 2025",False,4.3
32524,Bayer Leverkusen,Mainz 05,17,"Tuesday, January 14, 2025",False,5.25
32557,Freiburg,FC Heidenheim,21,"Saturday, February 8, 2025",False,3.5
32548,Werder Bremen,Mainz 05,20,"Friday, January 31, 2025",False,4.3
32467,Eintracht Frankfurt,Werder Bremen,11,"Saturday, November 23, 2024",False,5.9
32520,Union Berlin,Wolfsburg,28,"Sunday, April 6, 2025",False,8.0
32453,Eintracht Frankfurt,VfB Stuttgart,27,"Saturday, March 29, 2025",False,10.0
32616,Borussia Mönchengladbach,RB Leipzig,27,"Saturday, March 29, 2025",False,5.4
32600,Augsburg,Wolfsburg,26,"Saturday, March 15, 2025",False,4.4
32606,St. Pauli,Hoffenheim,26,"Friday, March 14, 2025",False,7.15
32452,Holstein Kiel,FC Heidenheim,9,"Saturday, November 2, 2024",False,2.9
32414,Wolfsburg,Union Berlin,11,"Saturday, November 23, 2024",False,10.85
32549,Augsburg,Bochum,12,"Saturday, November 30, 2024",False,12.6
32563,Werder Bremen,Bochum,30,"Saturday, April 19, 2025",False,9.75
32397,Borussia Mönchengladbach,Union Berlin,5,"Saturday, September 28, 2024",False,19.0
32612,Werder Bremen,Augsburg,18,"Sunday, January 19, 2025",False,12.55
32568,St. Pauli,Werder Bremen,14,"Saturday, December 14, 2024",False,3.95
32541,Mainz 05,VfB Stuttgart,19,"Saturday, January 25, 2025",False,5.4
32487,Union Berlin,Bochum,14,"Saturday, December 14, 2024",False,18.9
32388,Holstein Kiel,RB Leipzig,13,"Saturday, December 7, 2024",False,9.05
32562,RB Leipzig,St. Pauli,21,"Sunday, February 9, 2025",False,4.55
32424,Bochum,Borussia Mönchengladbach,2,"Saturday, August 31, 2024",False,6.6
32526,Union Berlin,Augsburg,17,"Wednesday, January 15, 2025",False,3.35
32637,Bochum,FC Heidenheim,15,"Sunday, December 22, 2024",False,7.4
32531,Eintracht Frankfurt,Borussia Dortmund,18,"Friday, January 17, 2025",False,3.55
32383,FC Heidenheim,St. Pauli,18,"Saturday, January 18, 2025",False,6.3
32513,FC Heidenheim,Union Berlin,16,"Saturday, January 11, 2025",False,4.2
32515,Mainz 05,Bochum,16,"Saturday, January 11, 2025",False,5.2
32381,Borussia Dortmund,Eintracht Frankfurt,1,"Saturday, August 24, 2024",False,5.1
32590,Holstein Kiel,Wolfsburg,2,"Saturday, August 31, 2024",False,8.9
32474,Mainz 05,Hoffenheim,12,"Sunday, December 1, 2024",False,6.6
32577,Holstein Kiel,Bayer Leverkusen,23,"Saturday, February 22, 2025",False,3.25
32451,FC Heidenheim,Mainz 05,22,"Sunday, February 16, 2025",False,12.3
32578,Mainz 05,St. Pauli,23,"Saturday, February 22, 2025",False,5.65
32471,Borussia Mönchengladbach,St. Pauli,11,"Sunday, November 24, 2024",False,4.7
32472,VfB Stuttgart,Bochum,11,"Saturday, November 23, 2024",False,2.6
32499,Bayer Leverkusen,Werder Bremen,25,"Saturday, March 8, 2025",False,20.45
32565,Bochum,Borussia Dortmund,22,"Saturday, February 15, 2025",False,5.05
32539,Augsburg,Bayer Leverkusen,14,"Saturday, December 14, 2024",False,7.85
32532,St. Pauli,FC Heidenheim,1,"Sunday, August 25, 2024",False,11.7
32605,RB Leipzig,Borussia Dortmund,26,"Saturday, March 15, 2025",False,5.35
32413,St. Pauli,Borussia Dortmund,24,"Saturday, March 1, 2025",False,8.85
32630,Hoffenheim,Mainz 05,29,"Saturday, April 12, 2025",False,6.5
32611,Werder Bremen,Eintracht Frankfurt,28,"Saturday, April 5, 2025",False,17.25
32680,Hoffenheim,St. Pauli,9,"Saturday, November 2, 2024",False,15.35
32435,St. Pauli,Bochum,34,"Saturday, May 17, 2025",False,12.1
32392,Bayern München,Freiburg,2,"Sunday, September 1, 2024",False,3.1
32433,Mainz 05,RB Leipzig,7,"Saturday, October 19, 2024",False,16.9
32407,Eintracht Frankfurt,Borussia Mönchengladbach,4,"Saturday, September 21, 2024",False,6.5
32633,Mainz 05,FC Heidenheim,5,"Saturday, September 28, 2024",False,20.95
32518,Holstein Kiel,Union Berlin,7,"Sunday, October 20, 2024",False,19.4
32479,Bayer Leverkusen,Augsburg,31,"Saturday, April 26, 2025",False,6.8
32663,Bayern München,Borussia Mönchengladbach,33,"Saturday, May 10, 2025",False,3.1
32672,Hoffenheim,Borussia Mönchengladbach,15,"Saturday, December 21, 2024",False,1.55
32572,Union Berlin,Borussia Mönchengladbach,22,"Saturday, February 15, 2025",False,4.95
32556,Borussia Dortmund,VfB Stuttgart,21,"Saturday, February 8, 2025",False,6.35
32484,Bochum,Werder Bremen,13,"Saturday, December 7, 2024",False,6.35
32552,St. Pauli,Freiburg,22,"Saturday, February 15, 2025",False,12.25
32547,Bochum,Freiburg,20,"Saturday, February 1, 2025",False,4.7
32482,Freiburg,Bayern München,19,"Saturday, January 25, 2025",False,6.5
32583,Hoffenheim,Wolfsburg,16,"Saturday, January 11, 2025",False,5.95
32550,FC Heidenheim,Borussia Dortmund,20,"Saturday, February 1, 2025",False,4.75
32628,Bochum,Augsburg,29,"Saturday, April 12, 2025",False,4.45
32592,Freiburg,Union Berlin,27,"Sunday, March 30, 2025",False,9.75
32622,FC Heidenheim,Bayer Leverkusen,28,"Saturday, April 5, 2025",False,3.7
32514,Union Berlin,Holstein Kiel,24,"Sunday, March 2, 2025",False,18.6
32462,St. Pauli,Bayern München,10,"Saturday, November 9, 2024",False,4.9
32667,Werder Bremen,Wolfsburg,24,"Saturday, March 1, 2025",False,3.25
32617,Wolfsburg,FC Heidenheim,27,"Saturday, March 29, 2025",False,2.8
32538,Borussia Mönchengladbach,Freiburg,29,"Saturday, April 12, 2025",False,10.45
32398,Eintracht Frankfurt,Union Berlin,25,"Sunday, March 9, 2025",False,13.15
32587,RB Leipzig,Mainz 05,24,"Saturday, March 1, 2025",False,3.9
32571,VfB Stuttgart,Wolfsburg,22,"Saturday, February 15, 2025",False,6.35
32492,Union Berlin,Bayer Leverkusen,12,"Saturday, November 30, 2024",False,19.6
32652,Borussia Dortmund,Augsburg,25,"Saturday, March 8, 2025",False,16.05
32653,Bochum,Hoffenheim,24,"Saturday, March 1, 2025",False,19.95
32674,Holstein Kiel,Freiburg,33,"Saturday, May 10, 2025",False,10.75
32401,Wolfsburg,Eintracht Frankfurt,3,"Saturday, September 14, 2024",False,5.1
32508,VfB Stuttgart,FC Heidenheim,31,"Friday, April 25, 2025",False,13.05
32543,Mainz 05,Werder Bremen,3,"Sunday, September 15, 2024",False,16.8
32510,FC Heidenheim,RB Leipzig,6,"Sunday, October 6, 2024",False,13.05
32661,St. Pauli,VfB Stuttgart,32,"Saturday, May 3, 2025",False,8.95
32476,Wolfsburg,Freiburg,31,"Saturday, April 26, 2025",False,12.65
32634,VfB Stuttgart,Werder Bremen,29,"Sunday, April 13, 2025",False,6.15
32422,Werder Bremen,Freiburg,6,"Saturday, October 5, 2024",False,4.7
32553,Holstein Kiel,St. Pauli,29,"Saturday, April 12, 2025",False,20.5
32505,Augsburg,Union Berlin,34,"Saturday, May 17, 2025",False,9.2
32457,VfB Stuttgart,Borussia Mönchengladbach,20,"Saturday, February 1, 2025",False,31.9
32516,Borussia Mönchengladbach,Bayern München,16,"Saturday, January 11, 2025",False,6.0
32442,VfB Stuttgart,St. Pauli,15,"Saturday, December 21, 2024",False,21.5
32554,Augsburg,VfB Stuttgart,16,"Sunday, January 12, 2025",False,21.05
32384,Borussia Mönchengladbach,Wolfsburg,34,"Saturday, May 17, 2025",True,18.5
32450,Freiburg,Mainz 05,9,"Sunday, November 3, 2024",False,5.3
32441,FC Heidenheim,Hoffenheim,8,"Sunday, October 27, 2024",False,6.4
32569,Bayer Leverkusen,VfB Stuttgart,9,"Friday, November 1, 2024",False,13.6
32662,Werder Bremen,Bayer Leverkusen,8,"Saturday, October 26, 2024",False,7.15
32580,RB Leipzig,FC Heidenheim,23,"Sunday, February 23, 2025",False,5.1
32582,Bayer Leverkusen,Bayern München,22,"Saturday, February 15, 2025",False,11.95
32594,Freiburg,RB Leipzig,25,"Saturday, March 8, 2025",False,3.9
32596,Holstein Kiel,VfB Stuttgart,25,"Saturday, March 8, 2025",False,6.6
32604,Mainz 05,Freiburg,26,"Saturday, March 15, 2025",False,6.0
32456,Augsburg,Hoffenheim,10,"Sunday, November 10, 2024",False,5.45
32564,Union Berlin,Freiburg,10,"Friday, November 8, 2024",False,3.05
32475,Werder Bremen,VfB Stuttgart,12,"Saturday, November 30, 2024",False,5.05
32444,Augsburg,Freiburg,24,"Sunday, March 2, 2025",False,5.4
32430,Bayer Leverkusen,Holstein Kiel,6,"Saturday, October 5, 2024",False,5.9
32512,Wolfsburg,Hoffenheim,33,"Friday, May 9, 2025",False,7.2
32386,Werder Bremen,St. Pauli,31,"Sunday, April 27, 2025",False,8.85
32632,Bayer Leverkusen,Union Berlin,29,"Saturday, April 12, 2025",False,5.95
32665,Werder Bremen,RB Leipzig,33,"Saturday, May 10, 2025",False,3.15
32641,Mainz 05,Bayer Leverkusen,34,"Saturday, May 17, 2025",False,14.5
32485,Eintracht Frankfurt,St. Pauli,33,"Sunday, May 11, 2025",False,13.3
32636,Werder Bremen,Borussia Dortmund,2,"Saturday, August 31, 2024",False,10.6
32657,Wolfsburg,Bayer Leverkusen,21,"Saturday, February 8, 2025",False,8.35
32461,St. Pauli,Wolfsburg,8,"Saturday, October 26, 2024",False,13.35
32560,RB Leipzig,Borussia Mönchengladbach,10,"Saturday, November 9, 2024",False,13.55
32570,Mainz 05,Augsburg,21,"Saturday, February 8, 2025",False,17.5
32545,Wolfsburg,Holstein Kiel,19,"Friday, January 24, 2025",False,4.85
32581,RB Leipzig,Bayer Leverkusen,19,"Saturday, January 25, 2025",False,15.6
32403,Borussia Dortmund,Werder Bremen,19,"Saturday, January 25, 2025",False,10.3
32434,Hoffenheim,Eintracht Frankfurt,19,"Sunday, January 26, 2025",False,11.85
32416,Holstein Kiel,Bochum,21,"Sunday, February 9, 2025",False,23.15
32464,Augsburg,RB Leipzig,22,"Friday, February 14, 2025",False,11.5
32410,Union Berlin,RB Leipzig,20,"Saturday, February 1, 2025",False,26.35
32530,Eintracht Frankfurt,Augsburg,13,"Saturday, December 7, 2024",False,18.75
32382,Bochum,Holstein Kiel,4,"Saturday, September 21, 2024",False,14.45
32627,Union Berlin,Werder Bremen,32,"Saturday, May 3, 2025",False,34.45
32379,Union Berlin,Eintracht Frankfurt,8,"Sunday, October 27, 2024",False,11.7
32448,Mainz 05,Borussia Mönchengladbach,8,"Friday, October 25, 2024",False,4.95
32613,Mainz 05,Holstein Kiel,28,"Saturday, April 5, 2025",False,13.9
32625,St. Pauli,Borussia Mönchengladbach,28,"Sunday, April 6, 2025",False,3.2
32599,Eintracht Frankfurt,Wolfsburg,20,"Sunday, February 2, 2025",False,7.95
32489,Borussia Mönchengladbach,Borussia Dortmund,13,"Saturday, December 7, 2024",False,5.05
32631,Mainz 05,Union Berlin,1,"Saturday, August 24, 2024",False,18.55
32493,Borussia Dortmund,Hoffenheim,14,"Sunday, December 15, 2024",False,3.25
32656,St. Pauli,Augsburg,20,"Saturday, February 1, 2025",False,14.25
32608,Union Berlin,Bayern München,26,"Saturday, March 15, 2025",False,5.4
32486,Hoffenheim,Augsburg,27,"Saturday, March 29, 2025",False,10.95
32455,Wolfsburg,Augsburg,9,"Saturday, November 2, 2024",False,3.05
32595,Wolfsburg,St. Pauli,25,"Saturday, March 8, 2025",False,14.0
32584,Wolfsburg,Bochum,23,"Saturday, February 22, 2025",False,14.95
32576,Bochum,Bayer Leverkusen,10,"Saturday, November 9, 2024",False,25.85
32525,Borussia Dortmund,Bayern München,12,"Saturday, November 30, 2024",False,35.55
32646,Hoffenheim,VfB Stuttgart,23,"Sunday, February 23, 2025",False,26.9
32500,Hoffenheim,FC Heidenheim,25,"Sunday, March 9, 2025",False,29.5
32427,Hoffenheim,Freiburg,13,"Sunday, December 8, 2024",False,24.45
32417,Borussia Mönchengladbach,Eintracht Frankfurt,21,"Saturday, February 8, 2025",False,39.6
